{
    "renderSessions": [
        {
            "imageWidth": 1280,
            "imageHeight": 720,
            "bucketSize": 16,
            "spp": 16,
            "filterWidth": 2
        }
    ],

    "camera": {
        "fov": 11.5,
        "transform": [0.685921, -0.379568, 0.620839, 7.358891, 0.727676, 0.357787, -0.585214, -6.925791, 0.000000, 0.853180, 0.521616, 6.738309, 0.000000, 0.000000, 0.000000, 1.000000]
    },

    "meshes": [
        {
        "filePath": "input\\meshes\\bunny.geo",
        "material": [
            {
            "type": "lambert",
            "rho_d": [0.0, 0.8, 0.0]
            }
        ],
        "transform": [ 11.075098, 0.000000, 0.000000, 2.038263, 0.000000, -11.075098, -0.000001, -0.000000, 0.000000, 0.000001, -11.075098, -0.399812, 0.000000, 0.000000, 0.000000, 1.00000]
        },
        {
        "filePath": "input\\meshes\\dragon_lo.geo",
        "material": [
            {
            "type": "glossy",
            "rho_s": [0.8, 0.8, 0.8],
            "roughness": 0.3,
            "eta": 100.0
            }
        ],
        "transform": [ 2.618372, -17.825390, 0.000000, 0.000000, 17.825390, 2.618372, 0.000000, 0.000000, 0.000000, 0.000000, 18.016670, -1.051510, 0.000000, 0.000000, 0.000000, 1.00000]
        },
        {
        "filePath": "input\\meshes\\plane.geo",
        "material": [
            {
            "type": "lambert",
            "rho_d": [0.03, 0.03, 0.03]
            }
        ],
        "transform": [ 11.012912, 0.000000, 0.000000, 0.000000, 0.000000, 11.012912, 0.000000, 0.000000, 0.000000, 0.000000, 11.012912, 0.000000, 0.000000, 0.000000, 0.000000, 1.000000 ]
        }
    ],    

    "lights" : [
        {
            "type": "disk",
            "radius": 250,
            "Le": [1, 1, 1],
            "intensity": 1,
            "transform":  [1.000000, 0.000000, 0.000000, 0.000000, 0.000000, 1.000000, 0.000000, 0.000000, 0.000000, 0.000000, 1.000000, 24.406971, 0.000000, 0.000000, 0.000000, 1.000000]
        }
    ]
}