{
    "renderSessions": [
        {
            "imageWidth": 1280,
            "imageHeight": 720,
            "bucketSize": 16,
            "spp": 16,
            "filterWidth": 2
        }
    ],

    "camera": {
        "fov": 11.5,
        "transform": [0.80901700258255, -0.18163561820983887, 0.5590170621871948, 8.417715072631836, 0.5877852439880371, 0.25000038743019104, -0.769420862197876, -11.492609977722168, -2.627135131660907e-07, 0.9510564208030701, 0.3090173304080963, 4.821945667266846, 0.0, 0.0, 0.0, 1.0]
    },

    "meshes": [
        {
        "filePath": "input\\meshes\\bg.geo",
        "material": [
            {
            "type": "lambert",
            "rho_d": [0.18, 0.18, 0.18]
            }
        ],
        "transform": [ 1.0, 0.0, 0.0, 0.0000,
            0.0,  1.0,  0.0, 0.0000,
            0.0000, 0.0,  1.0, 0.0000,
            0.0000,  0.0000,  0.0000, 1.000]
        },
        {
        "filePath": "input\\meshes\\dragon_lo.geo",
        "material": [
            {
            "type": "glossy",
            "rho_s": [0.7, 0.7, 0.7],
            "eta": 100.0,
            "roughness": 0.31622776601
            }
        ],
        "transform": [ 7.628658, -23.807638, 0.000000, 0.335121, 23.807638, 7.628658, 0.000000, 0.112525, 0.000000, 0.000000, 25.000000, -2.593325, 0.000000, 0.000000, 0.000000, 1.000000 ]
        },
        {
        "filePath": "input\\meshes\\sphere.geo",
        "material": [
            {
            "type": "plastic",
            "rho_d": [0.137, 0.48, 0.121],
            "rho_s": [1, 1, 1],
            "eta": 1.5,
            "roughness": 0.31622776601
            }
        ],
        "transform": [-1.0, 8.742277657347586e-08, 0.0, -1.9418483972549438, -8.742277657347586e-08, -1.0, 0.0, -1.5965999364852905, 0.0, 0.0, 1.0, -0.291867733001709, 0.0, 0.0, 0.0, 1.0]
        },
        {
        "filePath": "input\\meshes\\teapot.geo",
        "material": [
            {
            "type": "plastic",
            "rho_d": [0.9, 0.03, 0.18],
            "rho_s": [1, 1, 1],
            "eta": 1.5,
            "roughness": 0.31622776601
            }
        ],
        "transform": [1.0, 0.0, 0.0, 3.6838200092315674, 0.0, 1.0, 0.0, 0.0, 0.0, 0.0, 1.0, 0.18551845848560333, 0.0, 0.0, 0.0, 1.0]
        }
    ],    

    "lights" : [
        {
            "type": "ring",
            "radius": 1.25,
            "innerRadius": 1,
            "Le": [2.5, 2.5, 2.5],
            "intensity": 1,
            "transform":  [0.7243803143501282, 0.34454745054244995, 0.5971266031265259, 2.1493563652038574, -0.6849884390830994, 0.4575498104095459, 0.5669559240341187, 1.9020371437072754, -0.07787194848060608, -0.8197165727615356, 0.5674511194229126, 1.971077799797058, 0.0, 0.0, 0.0, 1.0]
        },
        {
            "type": "ring",
            "radius": 2.5,
            "innerRadius": 2,
            "Le": [10, 10, 10],
            "intensity": 1,
            "transform":  [0.9324268698692322, 0.18118919432163239, -0.3126509189605713, -2.80414080619812, -0.361356645822525, 0.47045397758483887, -0.8050431609153748, -7.3019866943359375, 0.0012227445840835571, 0.8636223077774048, 0.5041378140449524, 4.821945667266846, 0.0, 0.0, 0.0, 1.0]
        },
        {
            "type": "ring",
            "radius": 1.25,
            "innerRadius": 1,
            "Le": [10, 10, 10],
            "intensity": 1,
            "transform":  [-0.49552708864212036, 0.5482707023620605, -0.6736854910850525, -3.3252429962158203, -0.865937352180481, -0.25123095512390137, 0.4324760437011719, 1.0506219863891602, 0.06786330044269562, 0.7976729869842529, 0.5992598533630371, 3.917651414871216, 0.0, 0.0, 0.0, 1.0]
        }
    ]
}