{
    "renderSessions": [
        {
            "imageWidth": 1280,
            "imageHeight": 720,
            "bucketSize": 16,
            "spp": 32,
            "filterWidth": 2
        }
    ],

    "camera": {
        "fov": 11.5,
        "transform": [0.685921, -0.379568, 0.620839, 7.358891, 0.727676, 0.357787, -0.585214, -6.925791, 0.000000, 0.853180, 0.521616, 6.738309, 0.000000, 0.000000, 0.000000, 1.000000]
    },

    "meshes": [
        {
        "filePath": "input\\meshes\\ring.geo",
        "material": [
            {
            "type": "glossy",
            "R": [0.9, 0.73, 0.25],
            "eta": 100.0,
            "roughness": 0.05
            }
        ],
        "transform": [ 1.000000, 0.000000, 0.000000, 0.000000, 0.000000, 1.000000, 0.000000, 0.000000, 0.000000, 0.000000, 0.164988, 0.160000, 0.000000, 0.000000, 0.000000, 1.000000 ]
        },
        {
        "filePath": "input\\meshes\\plane.geo",
        "material": [
            {
            "type": "lambert",
            "rho": [0.03, 0.03, 0.03]
            }
        ],
        "transform": [ 11.012912, 0.000000, 0.000000, 0.000000, 0.000000, 11.012912, 0.000000, 0.000000, 0.000000, 0.000000, 11.012912, 0.000000, 0.000000, 0.000000, 0.000000, 1.000000 ]
        }
    ],    

    "lights" : [
        {
            "type": "disk",
            "radius": 2.5,
            "Le": [1, 1, 1],
            "intensity": 5220,
            "transform":  [0.310129, -0.893007, -0.326126, -9.589715, 0.443268, 0.439296, -0.781366, -22.834635, 0.841031, 0.097763, 0.532080, 16.133554, 0.000000, 0.000000, 0.000000, 1.000000]
        },
        {
            "type": "disk",
            "radius": 250,
            "Le": [1, 1, 1],
            "intensity": 1,
            "transform":  [1.000000, 0.000000, 0.000000, 0.000000, 0.000000, 1.000000, 0.000000, 0.000000, 0.000000, 0.000000, 1.000000, 24.406971, 0.000000, 0.000000, 0.000000, 1.000000]
        }
    ]
}