{
    "renderInfo": {
        "imageWidth": 1280,
        "imageHeight": 720,
        "bucketSize": 16,
        "spp": 10,
        "filterWidth": 2
    },

    "camera": {
        "fov": 11.5,
        "transform": [0.80901700258255, -0.18163561820983887, 0.5590170621871948, 8.417715072631836, 0.5877852439880371, 0.25000038743019104, -0.769420862197876, -11.492609977722168, -2.627135131660907e-07, 0.9510564208030701, 0.3090173304080963, 4.821945667266846, 0.0, 0.0, 0.0, 1.0]
    },

    "meshes": [
        {
        "filePath": "input\\meshes\\dragon.geo",
        "material": [
            {
            "type": "glossy",
            "R": [0.7, 0.7, 0.7],
            "eta": 100.0,
            "roughness": 0.2
            }
        ],
        "transform": [ 1.0, 0.0, 0.0, 0.0000,
            0.0,  1.0,  0.0, 0.0000,
            0.0000, 0.0,  1.0, 0.168848,
            0.0000,  0.0000,  0.0000, 1.000]
        },
        {
        "filePath": "input\\meshes\\bg.geo",
        "material": [
            {
            "type": "lambert",
            "rho": [0.18, 0.18, 0.18]
            }
        ],
        "transform": [ 1.0, 0.0, 0.0, 0.0000,
            0.0,  1.0,  0.0, 0.0000,
            0.0000, 0.0,  1.0, 0.0000,
            0.0000,  0.0000,  0.0000, 1.000]
        },
        {
        "filePath": "input\\meshes\\sphere.geo",
        "material": [
            {
            "type": "plastic",
            "rho": [0.137, 0.48, 0.121],
            "R": [1, 1, 1],
            "eta": 1.7,
            "roughness": 0.2
            }
        ],
        "transform": [1.0, 0.0, 0.0, -3.604813814163208, 0.0, 1.0, 0.0, 0.0, 0.0, 0.0, 1.0, 0.0, 0.0, 0.0, 0.0, 1.0]
        },
        {
        "filePath": "input\\meshes\\teapot.geo",
        "material": [
            {
            "type": "plastic",
            "rho": [0.9, 0.03, 0.18],
            "R": [1, 1, 1],
            "eta": 1.7,
            "roughness": 0.6
            }
        ],
        "transform": [1.0, 0.0, 0.0, 3.6838200092315674, 0.0, 1.0, 0.0, 0.0, 0.0, 0.0, 1.0, 0.18551845848560333, 0.0, 0.0, 0.0, 1.0]
        }
    ],    

    "lights" : [
        {
            "type": "ring",
            "radius": 1.5,
            "innerRadius": 1.2,
            "Le": [5, 5, 5],
            "transform":  [0.7243803143501282, 0.34454745054244995, 0.5971266031265259, 2.1493563652038574, -0.6849884390830994, 0.4575498104095459, 0.5669559240341187, 1.9020371437072754, -0.07787194848060608, -0.8197165727615356, 0.5674511194229126, 1.971077799797058, 0.0, 0.0, 0.0, 1.0]
        },
        {
            "type": "disk",
            "radius": 6,
            "innerRadius": 1.35,
            "Le": [1, 1, 1],
            "transform":  [1.0, 0.0, 0.0, 0.0, 0.0, 1.0, 0.0, 0.0, 0.0, 0.0, 1.0, 20.0, 0.0, 0.0, 0.0, 1.0]
        }
    ]
}