{
    "renderInfo": {
        "imageWidth": 640,
        "imageHeight": 360,
        "bucketSize": 16,
        "spp": 128,
        "filterWidth": 2
    },

    "camera": {
        "fov": 11.5,
        "transform": [0.80901700258255, -0.18163561820983887, 0.5590170621871948, 8.417715072631836, 0.5877852439880371, 0.25000038743019104, -0.769420862197876, -11.492609977722168, -2.627135131660907e-07, 0.9510564208030701, 0.3090173304080963, 4.821945667266846, 0.0, 0.0, 0.0, 1.0]
    },

    "meshes": [
        {
        "filePath": "input\\meshes\\sphere.geo",
        "material": [
            {
            "type": "glossy",
            "R": [0.99, 0.99, 0.99],
            "eta": 100.0,
            "roughness": 0.1
            }
        ],
        "transform": [ 1.0, 0.0, 0.0, 0.0000,
            0.0,  1.0,  0.0, 0.0000,
            0.0000, 0.0,  1.0, 0.0000,
            0.0000,  0.0000,  0.0000, 1.000]
        },
        {
        "filePath": "input\\meshes\\bg.geo",
        "material": [
            {
            "type": "lambert",
            "rho": [0.9, 0.9, 0.9]
            }
        ],
        "transform": [ 1.0, 0.0, 0.0, 0.0000,
            0.0,  1.0,  0.0, 0.0000,
            0.0000, 0.0,  1.0, 0.0000,
            0.0000,  0.0000,  0.0000, 1.000]
        },
        {
        "filePath": "input\\meshes\\monkeyFlat.geo",
        "material": [
            {
            "type": "lambert",
            "rho": [0.755, 0.468, 0.95]
            }
        ],
        "transform": [-0.9580658078193665, 0.28654834628105164, 0.0, 0.553266167640686, -0.28654834628105164, -0.9580658078193665, 0.0, -4.510923862457275, 0.0, 0.0, 1.0, -0.2960704267024994, 0.0, 0.0, 0.0, 1.0]
        }
    ],    

    "lights" : [
        {
            "type": "ring",
            "radius": 1.5,
            "innerRadius": 1.35,
            "Le": [20.0, 20.0, 20.0],
            "transform":  [0.7243803143501282, 0.34454745054244995, 0.5971266031265259, 2.1493563652038574, -0.6849884390830994, 0.4575498104095459, 0.5669559240341187, 1.9020371437072754, -0.07787194848060608, -0.8197165727615356, 0.5674511194229126, 1.971077799797058, 0.0, 0.0, 0.0, 1.0]
        }
    ]
}