{
    "renderInfo": {
        "imageWidth": 1280,
        "imageHeight": 720,
        "bucketSize": 16,
        "spp": 16,
        "filterWidth": 2
    },

    "camera": {
        "fov": 11.5,
        "transform": [0.80901700258255, -0.18163561820983887, 0.5590170621871948, 8.417715072631836, 0.5877852439880371, 0.25000038743019104, -0.769420862197876, -11.492609977722168, -2.627135131660907e-07, 0.9510564208030701, 0.3090173304080963, 4.821945667266846, 0.0, 0.0, 0.0, 1.0]
    },

    "meshes": [
        {
        "filePath": "input\\meshes\\dragon.geo",
        "material": [
            {
            "type": "glossy",
            "R": [0.99, 0.76, 0.327],
            "eta": 100.0,
            "roughness": 0.2
            }
        ],
        "transform": [ 1.0, 0.0, 0.0, 0.0000,
            0.0,  1.0,  0.0, 0.0000,
            0.0000, 0.0,  1.0, 0.0000,
            0.0000,  0.0000,  0.0000, 1.000]
        },
        {
        "filePath": "input\\meshes\\bg.geo",
        "material": [
            {
            "type": "lambert",
            "rho": [0.9, 0.9, 0.9]
            }
        ],
        "transform": [ 1.0, 0.0, 0.0, 0.0000,
            0.0,  1.0,  0.0, 0.0000,
            0.0000, 0.0,  1.0, 0.0000,
            0.0000,  0.0000,  0.0000, 1.000]
        }
    ],    

    "lights" : [
        {
            "type": "ring",
            "radius": 1.5,
            "innerRadius": 1.35,
            "Le": [20.0, 20.0, 20.0],
            "transform":  [0.7243803143501282, 0.34454745054244995, 0.5971266031265259, 2.1493563652038574, -0.6849884390830994, 0.4575498104095459, 0.5669559240341187, 1.9020371437072754, -0.07787194848060608, -0.8197165727615356, 0.5674511194229126, 1.971077799797058, 0.0, 0.0, 0.0, 1.0]
        }
    ]
}