{
    "renderInfo": {
        "imageWidth": 640,
        "imageHeight": 360,
        "bucketSize": 16,
        "spp": 1,
        "filterWidth": 1.5
    },

    "camera": {
        "fov": 11.5,
        "transform": [0.8807, -0.1259,  0.4567,  4.0804, 0.4736,  0.2619, -0.8409, -6.4994,-0.0137,  0.9569,  0.2903,  2.3240, 0.0000,  0.0000,  0.0000,  1.000]
    },

    "meshes": [
        {
        "filePath": "input\\meshes\\monkeyFlat.geo",
        "material": [
            {
            "type": "lambert",
            "rho": [0.1, 0.9, 0.1]
            }
        ],
        "transform": [-0.7292,  0.6843, 0.0000,  3.6469, -0.6843, -0.7292, 0.0000, -3.6052,  0.0000,  0.0000, 1.0000,  0.0000,  0.0000,  0.0000, 0.0000,  1.0000]
        },
        {
        "filePath": "input\\meshes\\sphere.geo",
        "material": [
            {
            "type": "specular",
            "R": [0.9, 0.9, 0.9],
            "eta": 100.0
            }
        ],
        "transform": [ 1.0, 0.0, 0.0, 0.0000,
            0.0,  1.0,  0.0, 0.0000,
            0.0000, 0.0,  1.0, 0.0000,
            0.0000,  0.0000,  0.0000, 1.000]
        },
        {
        "filePath": "input\\meshes\\monkeyFlat.geo",
        "material": [
            {
            "type": "lambert",
            "rho": [0.9, 0.03, 0.03]
            }
        ],
        "transform": [ 1.0, 0.0, 0.0, -1.8,
            0.0,  1.0,  0.0, 0.0000,
            0.0000, 0.0,  1.0, 0.0,
            0.0000,  0.0000,  0.0000, 1.000]
        },
        {
        "filePath": "input\\meshes\\bg.geo",
        "material": [
            {
            "type": "lambert",
            "rho": [0.9, 0.9, 0.9]
            }
        ],
        "transform": [ 1.0, 0.0, 0.0, -9.8,
            0.0,  1.0,  0.0, 0.0000,
            0.0000, 0.0,  1.0, 0.36,
            0.0000,  0.0000,  0.0000, 1.000]
        }
    ],

    "lights" : [
        {
            "type": "disk",
            "radius": 0.5,
            "Le": [10.0, 10.0, 10.0],
            "transform":  [1.0, 0.0, 0.0, 1.1283541917800903, 0.0, 0.05599145218729973, 0.9984312653541565, 2.360334873199463, 0.0, -0.9984312653541565, 0.05599145218729973, 0.8823857307434082, 0.0, 0.0, 0.0, 1.0]
        }
    ]
}