{
    "renderInfo": {
        "imageWidth": 64,
        "imageHeight": 36,
        "bucketSize": 32,
        "spp": 3,
        "filterWidth": 1.5
    },

    "camera": {
        "fov": 11.5,
        "transform": [0.6859206557273865, -0.32401347160339355, 0.6515582203865051, 7.358891487121582,
                      0.7276763319969177, 0.305420845746994, -0.6141703724861145, -6.925790786743164,
                      0.0, 0.8953956365585327, 0.44527140259742737, 4.958309173583984,
                      0.0, 0.0, 0.0, 1.0]
    },

    "meshes": [
        {
        "filePath": "input\\meshes\\monkey.geo",
        "transform": [ 1.0, 0.0, 0.0, 0.0000,
            0.0,  1.0,  0.0, 0.0000,
            0.0000, 0.0,  1.0, 0.0000,
            0.0000,  0.0000,  0.0000, 1.000]
        }
    ]
}