{
    "renderInfo": {
        "imageWidth": 640,
        "imageHeight": 360,
        "bucketSize": 32,
        "spp": 3,
        "filterWidth": 1.5
    },

    "camera": {
        "fov": 11.5,
        "transform": [0.6859206557273865, -0.32401347160339355, 0.6515582203865051, 7.358891487121582,
                      0.7276763319969177, 0.305420845746994, -0.6141703724861145, -6.925790786743164,
                      0.0, 0.8953956365585327, 0.44527140259742737, 4.958309173583984,
                      0.0, 0.0, 0.0, 1.0]
    },

    "meshes": [
        {
        "filePath": "input\\meshes\\monkey.geo",
        "material": [
            {
            "type": "lambert",
            "rho": [0.5, 0.5, 0.5]
            }
        ],
        "transform": [ 1.0, 0.0, 0.0, 0.0000,
            0.0,  1.0,  0.0, 0.0000,
            0.0000, 0.0,  1.0, 0.0000,
            0.0000,  0.0000,  0.0000, 1.000]
        },
        {
        "filePath": "input\\meshes\\monkey.geo",
        "material": [
            {
            "type": "lambert",
            "rho": [1.0, 0.0, 0.0]
            }
        ],
        "transform": [ 1.0, 0.0, 0.0, 0.0000,
            0.0,  1.0,  0.0, 0.0000,
            0.0000, 0.0,  1.0, 2.1061,
            0.0000,  0.0000,  0.0000, 1.000]
        }
    ],

    "lights" : [
        {
            "type": "distant",
            "Le": [3.0, 3.0, 3.0],
            "transform":  [1.0000,  0.0000,  0.0000, 0.0000,  0.0000, -0.4407,  0.8976, 0.0000,  0.0000, -0.8976, -0.4407, 0.0000,  0.0000,  0.0000,  0.0000, 1.0000]
        }
    ]
}