{
    "renderInfo": {
        "imageWidth": 1280,
        "imageHeight": 720,
        "bucketSize": 32,
        "spp": 5,
        "filterWidth": 1.5
    },

    "camera": {
        "fov": 11.5,
        "transform": [0.6859206557273865, -0.32401347160339355, 0.6515582203865051, 7.358891487121582,
                      0.7276763319969177, 0.305420845746994, -0.6141703724861145, -6.925790786743164,
                      0.0, 0.8953956365585327, 0.44527140259742737, 4.958309173583984,
                      0.0, 0.0, 0.0, 1.0]
    },

    "meshes": [
        {
        "filePath": "input\\meshes\\monkey.geo",
        "material": [
            {
            "type": "lambert",
            "rho": [0.1, 0.2, 0.3]
            }
        ],
        "transform": [ 1.0, 0.0, 0.0, 0.0000,
            0.0,  1.0,  0.0, 0.0000,
            0.0000, 0.0,  1.0, 0.0000,
            0.0000,  0.0000,  0.0000, 1.000]
        }
    ],

    "lights" : [
         {
             "type": "distant",
             "Le": [1.0, 1.0, 1.0],
             "transform":  [0.9997, 0.0240,  0.0086, 0.0000, -0.0158, 0.8476, -0.5304, 0.0000, -0.0200, 0.5301,  0.8477, 0.0000,  0.0000, 0.0000,  0.0000, 1.0000]
         },
        {
            "type": "distant",
            "Le": [0.5, 0.5, 0.5],
            "transform": [0.9439,  0.0413,  0.3277, 0.0000, -0.1226, -0.8775,  0.4636, 0.0000,  0.3067, -0.4778, -0.8232, 0.0000,  0.0000,  0.0000,  0.0000, 1.0000]
        }
    ]
}