{
    "renderInfo": {
        "imageWidth": 640,
        "imageHeight": 360,
        "bucketSize": 16,
        "spp": 32,
        "filterWidth": 2
    },

    "camera": {
        "fov": 11.5,
        "transform": [0.80901700258255, -0.18163561820983887, 0.5590170621871948, 8.417715072631836, 0.5877852439880371, 0.25000038743019104, -0.769420862197876, -11.492609977722168, -2.627135131660907e-07, 0.9510564208030701, 0.3090173304080963, 4.821945667266846, 0.0, 0.0, 0.0, 1.0]
    },

    "meshes": [
        {
        "filePath": "input\\meshes\\sphere.geo",
        "material": [
            {
            "type": "glossy",
            "R": [0.99, 0.99, 0.99],
            "eta": 100.0,
            "roughness": 0.2
            }
        ],
        "transform": [ 1.0, 0.0, 0.0, 0.0000,
            0.0,  1.0,  0.0, 0.0000,
            0.0000, 0.0,  1.0, 0.0000,
            0.0000,  0.0000,  0.0000, 1.000]
        },
        {
        "filePath": "input\\meshes\\bg.geo",
        "material": [
            {
            "type": "lambert",
            "rho": [0.9, 0.9, 0.9]
            }
        ],
        "transform": [ 1.0, 0.0, 0.0, 0.0000,
            0.0,  1.0,  0.0, 0.0000,
            0.0000, 0.0,  1.0, 0.0000,
            0.0000,  0.0000,  0.0000, 1.000]
        }
    ],

    "lights" : [
        {
            "type": "disk",
            "radius": 1.0,
            "Le": [1.0, 1.0, 1.0],
            "transform":  [1.0, 0.0, 0.0, 0.0, 0.0, 1.0, 0.0, 0.0, 0.0, 0.0, 1.0, 2.3329782485961914, 0.0, 0.0, 0.0, 1.0]
        }
    ]
}