{
    "renderSessions": [
        {
            "imageWidth": 1280,
            "imageHeight": 720,
            "bucketSize": 16,
            "spp": 64,
            "filterWidth": 2
        }
    ],

    "camera": {
        "fov": 11.5,
        "transform": [0.6859206557273865, -0.32401347160339355, 0.6515582203865051, 7.358891487121582, 0.7276763319969177, 0.305420845746994, -0.6141703724861145, -6.925790786743164, 0.0, 0.8953956365585327, 0.44527140259742737, 4.958309173583984, 0.0, 0.0, 0.0, 1.0]
    },

    "meshes": [
        {
        "filePath": "input\\meshes\\sphere.geo",
        "material": [
            {
            "type": "glossy",
            "rho_d": [0.18, 0.18, 0.18],
            "rho_s": [1, 1, 1],
            "eta": 8192.0,
            "roughness": 0.5
            }
        ],
        "transform": [ 1.0, 0.0, 0.0, 0.0000,
            0.0,  1.0,  0.0, 0.0000,
            0.0000, 0.0,  1.0, 0.0,
            0.0000,  0.0000,  0.0000, 1.000]
        }
    ],    

    "lights" : [
        {
            "type": "disk",
            "radius": 1,
            "innerRadius": 63,
            "Le": [2.5, 2.5, 2.5],
            "intensity": 1,
            "transform":  [1.0, 0.0, 0.0, 0.0, 0.0, 1.0, 0.0, 0.0, 0.0, 0.0, 1.0, 2.0, 0.0, 0.0, 0.0, 1.0]
        }
    ]
}