{
    "renderSessions": [
        {
            "imageWidth": 1280,
            "imageHeight": 720,
            "bucketSize": 16,
            "spp": 64,
            "filterWidth": 1.5
        }
    ],

    "camera": {
        "fov": 11.5,
        "transform": [0.685921, -0.379568, 0.620839, 7.358891, 0.727676, 0.357787, -0.585214, -6.925791, 0.000000, 0.853180, 0.521616, 6.738309, 0.000000, 0.000000, 0.000000, 1.000000]
    },

    "meshes": [
        {
        "filePath": "input\\meshes\\sphere.geo",
        "material": [
            {
            "type": "specular",
            "rho_d": [1, 1, 1],
            "rho_s": [1, 1, 1],
            "eta": 8192,
            "roughness": 0.0
            }
        ],
        "transform": [ 1.000000, 0.000000, 0.000000, 0.000000, 0.000000, 1.000000, 0.000000, 0.000000, 0.000000, 0.000000, 1.000000, 1, 0.000000, 0.000000, 0.000000, 1.000000 ]
        },
        {
        "filePath": "input\\meshes\\plane.geo",
        "material": [
            {
            "type": "lambert",
            "rho_d": [0.03, 0.03, 0.03]
            }
        ],
        "transform": [ 11.012912, 0.000000, 0.000000, 0.000000, 0.000000, 11.012912, 0.000000, 0.000000, 0.000000, 0.000000, 11.012912, 0.000000, 0.000000, 0.000000, 0.000000, 1.000000 ]
        },
        {
        "filePath": "input\\meshes\\sphere.geo",
        "material": [
            {
            "type": "lambert",
            "rho_d": [0.03, 0.12, 0.03]
            }
        ],
        "transform": [ 0.500000, 0.000000, 0.000000, -1.760565, 0.000000, 0.500000, 0.000000, 2.823371, 0.000000, 0.000000, 0.500000, 0.500000, 0.000000, 0.000000, 0.000000, 1.000000 ]
        }
    ],    

    "lights" : [
        {
            "type": "disk",
            "radius": 2.5,
            "Le": [1, 1, 1],
            "intensity": 2595.81012653,
            "transform":  [0.266792, -0.851631, -0.451162, -11.819715, 0.329383, 0.520514, -0.787764, -22.834635, 0.905720, 0.061564, 0.419382, 11.363554, 0.000000, 0.000000, 0.000000, 1.000000]
        }
    ]
}