{
    "renderSessions": [
        {
            "imageWidth": 1280,
            "imageHeight": 720,
            "bucketSize": 16,
            "spp": 4,
            "filterWidth": 2,
            "rougheningFactor": 0.1
        }
    ],

    "camera": {
        "fov": 11.5,
        "transform": [0.962653, 0.040674, -0.267664, -3.170043, -0.270737, 0.144625, -0.951728, -12.566072, 0.000001, 0.988650, 0.150236, 2.893278, 0.000000, 0.000000, 0.000000, 1.000000]
    },

    "meshes": [
        {
        "filePath": "input//meshes//sphere.geo",
        "material": {
            "type": "glass",
            "rho_s": [1, 1, 1],
            "tau": [1, 1, 1],
            "eta": 1.5,
            "roughness": 0.05
        },
        "transform": [ 0.500000, 0.000000, 0.000000, -0.758663, 0.000000, 0.500000, 0.000000, -3.285489, 0.000000, 0.000000, 0.500000, 0.500000, 0.000000, 0.000000, 0.000000, 1.000000 ]
        },
        {
        "filePath": "input//meshes//backdrop.geo",
        "material": {
            "type": "lambert",
            "rho_d": [0.03, 0.03, 0.03]
        },
        "transform": [ 0.961944, 0.273247, 0.000000, 0.000000, -0.273247, 0.961944, 0.000000, 0.000000, 0.000000, 0.000000, 1.000000, 0.000000, 0.000000, 0.000000, 0.000000, 1.000000 ]
        },
        {
        "filePath": "input//meshes//dragon_lo.geo",
        "material": {
            "type": "glossy",
            "rho_d": [1, 1, 1],
            "rho_s": [0.4, 0.4, 0.4],
            "eta": 8192,
            "roughness": 0.3
        },
        "transform": [ 20.000000, 0.000000, 0.000000, 0.000000, 0.000000, 20.000000, 0.000000, 0.000000, 0.000000, 0.000000, 20.000000, -1.081372, 0.000000, 0.000000, 0.000000, 1.000000 ]
        },
        {
        "filePath": "input//meshes//bunny.geo",
        "material": {
            "type": "plastic",
            "rho_d": [0.03, 0.18, 0.18],
            "rho_s": [1, 1, 1],
            "eta": 1.5,
            "roughness": 0.3
        },
        "transform": [ 12.000000, 0.000000, 0.000000, 1.176993, 0.000000, -12.000000, 0.000001, -1.317978, 0.000000, -0.000001, -12.000000, -0.385609, 0.000000, 0.000000, 0.000000, 1.000000 ]
        }
    ],    

    "lights" : [
        {
            "type": "disk",
            "radius": 2.5,
            "innerRadius": 1.54508497187,
            "Le": [1, 1, 1],
            "intensity": 129.69,
            "transform":  [0.266792, -0.851631, -0.451162, -11.819715, 0.329383, 0.520514, -0.787764, -22.834635, 0.905720, 0.061564, 0.419382, 11.363554, 0.000000, 0.000000, 0.000000, 1.000000]
        },
        {
            "type": "ring",
            "radius": 5,
            "innerRadius": 2.5,
            "Le": [1, 1, 1],
            "intensity": 25.94,
            "transform":  [0.960903, -0.073163, -0.267044, -4.511102, 0.201441, 0.846418, 0.492948, 6.025550, 0.189965, -0.527469, 0.828064, 7.645579, 0.000000, 0.000000, 0.000000, 1.00000]
        },
        {
            "type": "disk",
            "radius": 2.5,
            "Le": [1, 1, 1],
            "intensity": 6.48,
            "transform":  [0.910164, 0.008516, 0.414160, 6.220961, 0.391019, 0.312422, -0.865735, -16.379318, -0.136765, 0.949905, 0.281025, 5.059184, 0.000000, 0.000000, 0.000000, 1.000000]
        }
    ]
}