{
    "renderSessions": [
        {
            "imageWidth": 1280,
            "imageHeight": 720,
            "bucketSize": 16,
            "spp": 64,
            "bounces": 10,
            "filterWidth": 2,
            "rougheningFactor": 0.2
        }
    ],

    "camera": {
        "fov": 11.5,
        "transform": [0.962653, 0.040674, -0.267664, -2.660043, -0.270737, 0.144625, -0.951728, -10.806072, 0.000001, 0.988650, 0.150236, 1.703278, 0.000000, 0.000000, 0.000000, 1.000000]
    },

    "meshes": [
        {
        "filePath": "input//meshes//sphere.geo",
        "material": {
            "type": "glass",
            "rho_s": [1, 1, 1],
            "tau": [1, 1, 1],
            "eta": 1.5,
            "roughness": 0
        },
        "priority": 2,
        "transform": [ 0.500000, 0.000000, 0.000000, -0.758663, 0.000000, 0.500000, 0.000000, -3.285489, 0.000000, 0.000000, 0.500000, 0.500000, 0.000000, 0.000000, 0.000000, 1.000000 ]
        },
        {
        "filePath": "input//meshes//sphere.geo",
        "material": {
            "type": "glass",
            "rho_d": [0.03, 0.09, 0.09],
            "rho_s": [1, 1, 1],
            "tau": [1, 1, 1],
            "eta": 1.0,
            "roughness": 0
        },
        "priority": 3,
        "transform": [ 0.4, 0.000000, 0.000000, -0.758663, 0.000000, 0.4, 0.000000, -3.285490, 0.000000, 0.000000, 0.4, 0.500000, 0.000000, 0.000000, 0.000000, 1.000000 ]
        },
        {
        "filePath": "input//meshes//backdrop.geo",
        "material": {
            "type": "lambert",
            "rho_d": [0.03, 0.03, 0.03]
        },
        "transform": [ 0.961944, 0.273247, 0.000000, 0.000000, -0.273247, 0.961944, 0.000000, 0.000000, 0.000000, 0.000000, 1.000000, 0.000000, 0.000000, 0.000000, 0.000000, 1.000000 ]
        }
    ],    

    "lights" : [
        {
            "type": "disk",
            "radius": 0.5,
            "innerRadius": 0.4,
            "Le": [1, 1, 1],
            "intensity": 259.4,
            "transform":  [0.715333, 0.508040, 0.479785, 0.550527, -0.546765, 0.834485, -0.068431, -1.506720, -0.435139, -0.213379, 0.874713, 1.878569, 0.000000, 0.000000, 0.000000, 1.000000]
        }
    ]
}