{
    "renderSessions": [
        {
            "imageWidth": 1280,
            "imageHeight": 720,
            "bucketSize": 16,
            "spp": 256,
            "filterWidth": 2,
            "rougheningFactor": 0.5
        }
    ],

    "camera": {
        "fov": 11.5,
        "transform": [0.962653, 0.040674, -0.267664, -2.660043, -0.270737, 0.144625, -0.951728, -10.806072, 0.000001, 0.988650, 0.150236, 1.703278, 0.000000, 0.000000, 0.000000, 1.000000]
    },

    "meshes": [
        {
        "filePath": "input//meshes//sphere.geo",
        "material": {
            "type": "glossy",
            "rho_d": [0.03, 0.03, 0.03],
            "rho_s": [1, 1, 1],
            "tau": [1, 1, 1],
            "eta": 8192,
            "roughness": 0.1
        },
        "transform": [ 1.000000, 0.000000, 0.000000, -1.032916, 0.000000, 1.000000, 0.000000, 0.389039, 0.000000, 0.000000, 1.000000, 0.624251, 0.000000, 0.000000, 0.000000, 1.000000 ]
        },
        {
        "filePath": "input//meshes//sphere.geo",
        "material": {
            "type": "plastic",
            "rho_d": [0.03, 0.03, 0.03],
            "rho_s": [1, 1, 1],
            "eta": 1.5,
            "roughness": 0.5
        },
        "transform": [ 1.000000, 0.000000, 0.000000, 1.992654, 0.000000, 1.000000, 0.000000, -0.461873, 0.000000, 0.000000, 1.000000, 0.624253, 0.000000, 0.000000, 0.000000, 1.000000 ]
        },
        {
        "filePath": "input//meshes//plane.geo",
        "material": {
            "type": "plastic",
            "rho_d": {
                "type": "texture",
                "filePath": "input//textures//sRGB_ColorChecker2005.exr"
            },
            "rho_s": [1, 1, 1],
            "eta": 1.5,
            "roughness": 0.5
        },
        "transform": [ 0.953827, 0.150952, -0.205164, 0.400144, -0.295557, 0.387682, -0.770614, -0.254302, -0.053474, 0.549797, 0.599718, -0.898072, 0.000000, 0.000000, 0.000000, 1.000000 ]
        }
    ],    

    "lights" : [
        {
            "type": "environment",
            "Le": {
                "type": "texture",
                "filePath": "input//textures//parking_garage_4k.exr"
            },
            "intensity": 1.0,
            "transform":  [1.000000, 0.000000, 0.000000, 0.000000, 0.000000, 1.000000, 0.000000, 0.000000, 0.000000, 0.000000, 1.000000, 0.000000, 0.000000, 0.000000, 0.000000, 1.000000]
        }
    ]
}