{
    "renderSessions": [
        {
            "imageWidth": 1280,
            "imageHeight": 720,
            "bucketSize": 16,
            "spp": 128,
            "filterWidth": 2
        }
    ],

    "camera": {
        "fov": 11.5,
        "transform": [-0.020953388884663582, -0.05580122396349907, 0.9982219934463501, 23.046234130859375, 0.9997804760932922, -0.0011670131934806705, 0.02092086523771286, 0.41908347606658936, -2.471608468113118e-06, 0.998441219329834, 0.05581342428922653, 5.750507354736328, 0.0, 0.0, 0.0, 1.0]
    },

    "meshes": [
        {   
        "filePath": "input//meshes//cube.geo",
        "material": {
            "type": "plastic",
            "rho_d": [0.24, 0.24, 0.24],
            "rho_s": [1, 1, 1],
            "eta": 8192,
            "roughness": 0.1
        },
        "transform": [ 0.6319494247436523, 0.0, 0.03332541510462761, -4.722600936889648, 0.0, 7.432682514190674, 0.0, 0.0, -0.7750096321105957, 0.0, 0.027173826470971107, 5.099390983581543, 0.0, 0.0, 0.0, 1.0 ]
        },
        {
        "filePath": "input//meshes//cube.geo",
        "material": {
            "type": "plastic",
            "rho_d": [0.24, 0.24, 0.24],
            "rho_s": [1, 1, 1],
            "eta": 8192,
            "roughness": 0.2
        },
        "transform": [ 0.7609543204307556, 0.0, 0.0278986357152462, -3.435849666595459, 0.0, 7.432682514190674, 0.0, 0.0, -0.6488054394721985, 0.0, 0.032721035182476044, 3.359086751937866, 0.0, 0.0, 0.0, 1.0 ]
        },
        {
        "filePath": "input//meshes//cube.geo",
        "material": {
            "type": "plastic",
            "rho_d": [0.24, 0.24, 0.24],
            "rho_s": [1, 1, 1],
            "eta": 8192,
            "roughness": 0.3
        },
        "transform": [ 0.8422013521194458, 0.0, 0.02318401448428631, -1.8241075277328491, 0.0, 7.432682514190674, 0.0, 0.0, -0.5391631126403809, 0.0, 0.03621466085314751, 1.976738691329956, 0.0, 0.0, 0.0, 1.0 ]
        },
        {
        "filePath": "input//meshes//cube.geo",
        "material": {
            "type": "plastic",
            "rho_d": [0.24, 0.24, 0.24],
            "rho_s": [1, 1, 1],
            "eta": 8192,
            "roughness": 0.4
        },
        "transform": [ 0.895967423915863, 0.0, 0.01909715309739113, 0.0, 0.0, 7.432682514190674, 0.0, 0.0, -0.44411981105804443, 0.0, 0.03852660208940506, 1.0123201608657837, 0.0, 0.0, 0.0, 1.0 ]
        }
    ],    

    "lights" : [
        {
            "type": "disk",
            "radius": 0.1,
            "Le": [0.99, 0.44, 0.74],
            "intensity": 64,
            "transform":  [1.0, 0.0, 0.0, -3.762814521789551, 0.0, 1.0, 0.0, -6.917920112609863, 0.0, 0.0, 1.0, 8.91574764251709, 0.0, 0.0, 0.0, 1.0]
        },
        {
            "type": "disk",
            "radius": 0.25,
            "Le": [0.84, 0.80, 0.62],
            "intensity": 32,
            "transform":  [1.0, 0.0, 0.0, -3.762814521789551, 0.0, 1.0, 0.0, -2.4853899478912354, 0.0, 0.0, 1.0, 8.91574764251709, 0.0, 0.0, 0.0, 1.0]
        },
        {
            "type": "disk",
            "radius": 0.5,
            "Le": [0.61, 0.99, 0.41],
            "intensity": 16,
            "transform":  [1.0, 0.0, 0.0, -3.762814521789551, 0.0, 1.0, 0.0, 1.94715, 0.0, 0.0, 1.0, 8.91574764251709, 0.0, 0.0, 0.0, 1.0]
        },
        {
            "type": "disk",
            "radius": 1,
            "Le": [0.27, 0.46, 0.59],
            "intensity": 8,
            "transform":  [1.0, 0.0, 0.0, -3.762814521789551, 0.0, 1.0, 0.0, 6.37968, 0.0, 0.0, 1.0, 8.91574764251709, 0.0, 0.0, 0.0, 1.0]
        }
    ]
}